"performing_order","estimate","estimate1","estimate2","statistic","p.value","parameter","conf.low","conf.high","method","alternative"
"First",-0.002014922044551,0.53017608039298,0.532191002437531,-0.0587054863813269,0.953350481711283,71.4884626167297,-0.0704440422591326,0.0664141981700306,"Welch Two Sample t-test","two.sided"
"Last",-0.063786932978389,0.527221569200413,0.591008502178802,-1.63405487679818,0.106764074950152,69.58374633022,-0.141649928436502,0.0140760624797241,"Welch Two Sample t-test","two.sided"
