"performing_order","estimate","estimate1","estimate2","statistic","p.value","parameter","conf.low","conf.high","method","alternative"
"First",0.00757273365016875,0.529764841911613,0.522192108261444,0.272455530224304,0.785791475080585,108.110788690428,-0.0475199178548401,0.0626653851551776,"Welch Two Sample t-test","two.sided"
"Last",-0.114695452163901,0.523682783437785,0.638378235601686,-3.66580327776158,0.000388440813295528,105.171693998506,-0.176732487365067,-0.0526584169627352,"Welch Two Sample t-test","two.sided"
