"performing_order","estimate","estimate1","estimate2","statistic","p.value","parameter","conf.low","conf.high","method","alternative"
"First",0.0269310328927708,0.528812887359039,0.501881854466268,0.562834189619025,0.577085156686651,35.5019454823673,-0.0701584571769806,0.124020522962522,"Welch Two Sample t-test","two.sided"
"Last",-0.219106974121605,0.515491032495316,0.734598006616921,-4.51906005656412,6.71846307228561e-05,35.2195689643619,-0.317514981844448,-0.120698966398762,"Welch Two Sample t-test","two.sided"
